ID	Description	setSize	enrichmentScore	NES	pvalue	p.adjust	qvalue	rank	leading_edge	core_enrichment
HALLMARK_INFLAMMATORY_RESPONSE	HALLMARK_INFLAMMATORY_RESPONSE	197	0.557343108926378	2.92607686680403	9.16803132288329e-25	4.58401566144164e-23	1.25457270734192e-23	5617	tags=55%, list=24%, signal=42%	TLR3/EIF2AK2/TLR1/MSR1/CXCL11/SGMS2/P2RX7/KIF1B/ACVR2A/IFNAR1/TNFSF15/ABI1/GNAI3/ATP2C1/NMI/C3AR1/CXCL10/CXCL9/ABCA1/CXCR6/MET/CYBB/AHR/FPR1/SLC4A4/OSMR/RNF144B/PSEN1/TNFSF10/PCDH7/PTAFR/HIF1A/AQP9/IL1R1/HRH1/CCRL2/ITGB8/INHBA/RAF1/IL18/MEFV/CMKLR1/ACVR1B/FZD5/RIPK2/VIP/OLR1/LCP2/PTPRE/CALCRL/EDN1/AXL/NFKB1/ITGB3/SLC31A1/IL15RA/IL7R/TNFRSF1B/NLRP3/RTP4/IRAK2/TPBG/SLC28A2/LDLR/IL1B/KLF6/CXCL8/ICAM1/EREG/LYN/PTGER2/GPR183/LAMP3/TLR2/PLAUR/PDPN/P2RY2/CLEC5A/HAS2/PROK2/ATP2A2/MXD1/CXCL6/ADGRE1/NOD2/MEP1A/IL2RB/ATP2B1/DCBLD2/MMP14/CSF3R/CCL20/PIK3R5/C5AR1/SLAMF1/NAMPT/TNFAIP6/SLC7A1/NPFFR2/IL4R/IL15/IFITM1/CCL5/CSF1/IL1A/KCNA3/PTGER4/LY6E/IRF1
HALLMARK_INTERFERON_GAMMA_RESPONSE	HALLMARK_INTERFERON_GAMMA_RESPONSE	198	0.551934030195941	2.90403690246523	3.09536104462941e-23	6.54326700544713e-22	1.79078886464869e-22	5335	tags=59%, list=23%, signal=46%	APOL6/PLSCR1/STAT1/EIF2AK2/CXCL11/IFIT2/IFIT3/OAS3/ZNFX1/DDX60/NMI/LAP3/CXCL10/ADAR/FGL2/GBP4/RNF213/CXCL9/SPPL2A/IFIH1/SSPN/MYD88/CASP7/SAMD9L/STAT3/TRIM21/PARP14/CMPK2/OAS2/FPR1/SAMHD1/UBE2L6/LATS2/CFH/C1S/RIPK1/TNFSF10/RSAD2/PLA2G4A/CD274/HIF1A/CD86/ARID5B/IFI44L/IL7/CMKLR1/TAP1/GBP6/B2M/RIPK2/CASP1/FAS/LCP2/CASP8/CFB/OASL/SOD2/MX2/NFKB1/IRF2/IL15RA/TDRD7/HLA-DQA1/RTP4/CASP3/PSMB9/IFI44/ZBP1/SECTM1/ICAM1/SERPING1/MARCHF1/C1R/IFIT1/NCOA3/FCGR1A/IFI27/CSF2RB/JAK2/WARS1/HERC6/USP18/CD38/XAF1/CASP4/BATF2/HLA-DRB1/ST8SIA4/PNP/MX1/IL2RB/SP110/SLAMF7/EIF4E3/PSMB8/ITGB7/PELI1/EPSTI1/IL18BP/TRAFD1/VCAM1/ISOC1/PNPT1/IDO1/XCL1/NAMPT/TNFAIP6/CD74/IL4R/IRF4/MTHFD2/IL15/TRIM14/NOD1/HLA-DMA/CCL5/TNFAIP3
HALLMARK_EPITHELIAL_MESENCHYMAL_TRANSITION	HALLMARK_EPITHELIAL_MESENCHYMAL_TRANSITION	200	0.544405511963445	2.8706017450041	3.92596020326828e-23	6.54326700544713e-22	1.79078886464869e-22	5857	tags=57%, list=25%, signal=43%	ITGAV/NOTCH2/LAMA2/ITGB1/CALD1/COPA/FBN1/LAMC1/VCAN/MYLK/DAB2/LRP1/LAMA3/ECM2/COL4A1/TPM1/THBS2/SPOCK1/TNFRSF11B/DST/CDH11/WNT5A/CALU/INHBA/ANPEP/SGCB/COL5A2/FERMT2/ITGA2/DPYSL3/WIPF1/MXRA5/GJA1/ABI3BP/COL6A3/SNTB1/FAS/COL12A1/NTM/PLOD2/PMEPA1/DCN/PMP22/ITGB3/GREM1/TPM4/SGCD/FBLN5/FMOD/LAMC2/FSTL1/SDC4/SLIT2/CAP2/TGFBR3/FAP/LUM/CAPG/COL3A1/NID2/TGM2/CXCL8/PDGFRB/LOX/GEM/ID2/DKK1/SFRP4/FLNA/COL4A2/MMP2/CDH6/CD44/PRSS2/PLAUR/FBLN2/MMP1/GLIPR1/SPP1/PRRX1/SPARC/MFAP5/ADAM12/CXCL6/THBS1/ACTA2/MMP3/FBN2/FN1/COL8A2/COL1A2/COL11A1/ELN/FGF2/COL5A1/ITGB5/MMP14/MATN3/VCAM1/IL32/MATN2/SNAI2/MYL9/TIMP3/CTHRC1/IL15/TGFBI/TNFAIP3/FBLN1/EDIL3/LOXL2/TNC/TAGLN/THY1
HALLMARK_UV_RESPONSE_DN	HALLMARK_UV_RESPONSE_DN	143	0.549385897709062	2.74079014818187	3.50166754032401e-17	4.37708442540501e-16	1.197938895374e-16	4622	tags=52%, list=20%, signal=42%	BMPR1A/ATRX/PDLIM5/ADGRL2/DLG1/TJP1/NOTCH2/NFIB/SCAF8/ACVR2A/NEK7/KALRN/KIT/ATP2C1/LTBP1/NIPBL/ATXN1/TGFBR2/ADD3/PTEN/LAMC1/PHF3/NRP1/DAB2/INPP4B/ANXA4/APBB2/MET/CDC42BPA/PTPN21/PRKCA/TFPI/IGFBP5/MAPK14/ATP2B4/RUNX1/COL5A2/GJA1/IRS1/NR1D2/ZMIZ1/NR3C1/NFKB1/MMP16/SYNJ2/PMP22/ITGB3/FBLN5/PRDM2/CAP2/TGFBR3/LDLR/COL3A1/PDGFRB/ERBB2/ATRN/PPARG/MGLL/TOGARAM1/FHL2/DYRK1A/EFEMP1/SFMBT1/HAS2/AKT3/ANXA2/DDAH1/COL1A2/RND3/COL11A1/ATP2B1/PTGFR/ABCC1/SMAD3
HALLMARK_KRAS_SIGNALING_UP	HALLMARK_KRAS_SIGNALING_UP	196	0.48097298678636	2.51569506096862	4.05321600571425e-16	4.05321600571425e-15	1.10930122261653e-15	6593	tags=54%, list=29%, signal=39%	STRN/TLR8/CCSER2/F13A1/CTSS/C3AR1/GUCY1A1/CXCL10/EVI5/GPNMB/CBL/NRP1/CLEC4A/PDCD1LG2/PLEK2/SPON1/AMMECR1/ANO1/CFH/ALDH1A3/F2RL1/ITGBL1/HKDC1/TFPI/DNMBP/ADAM17/ZNF639/GALNT3/FCER1G/CA2/INHBA/ITGA2/CMKLR1/SOX9/MAP3K1/CFB/BIRC3/GPRC5B/MPZL2/PRELID3B/IL7R/TNFRSF1B/HSD11B1/PIGR/IL1B/DOCK2/ID2/ETV1/TMEM100/EREG/HDAC9/LAPTM5/PEG3/CSF2RA/SPARCL1/AKAP12/ITGB2/RABGAP1L/PLAUR/MTMR10/ADAMDEC1/SPP1/PRRX1/SPRY2/ALDH1A2/PTPRR/APOD/KCNN4/CROT/PECAM1/PLAT/DCBLD2/LY96/EMP1/PSMB8/MAP7/ADGRL4/ETS1/AVL9/ANXA10/CCL20/SDCCAG8/SATB1/IL1RL2/ETV5/NR1H4/TNFAIP3/IGF2/NIN/LCP1/PRDM1/IKZF1/GFPT2/BMP2/DUSP6/ST6GAL1/ADGRA2/MALL/EPHB2/ERO1A/RBP4/BTC/CSF2/IL33/IL10RA/NR0B2
HALLMARK_ALLOGRAFT_REJECTION	HALLMARK_ALLOGRAFT_REJECTION	195	0.473411927863465	2.48614758508741	1.86230454059962e-15	1.55192045049968e-14	4.24736123294651e-15	7615	tags=60%, list=33%, signal=41%	STAT1/TLR3/TLR1/F2R/ACVR2A/CTSS/ABI1/CCR1/EGFR/SOCS5/CXCL9/CCR2/CCR5/NCK1/EIF3A/GALNT1/UBE2D1/DEGS1/IGSF6/GBP2/FYB1/IL2RA/HIF1A/CD86/GPR65/IFNGR1/INHBA/FASLG/PTPRC/IL18/MAP3K7/HLA-DRA/IL7/MRPL3/TAP1/B2M/RIPK2/FAS/LCP2/TGFB2/TRAT1/ABCE1/EIF4G3/DARS1/HLA-DQA1/LY75/NLRP3/CD4/CAPG/IL1B/CD47/ICAM1/EREG/FLNA/HDAC9/LYN/CD3G/BCAT1/CRTAM/EIF3J/ITGB2/CD80/CD96/TLR2/CD28/FCGR2B/HLA-DOA/JAK2/HLA-DMB/TLR6/WARS1/CCL13/CD2/BCL10/ELF4/CD8B/ST8SIA4/IL2RB/SRGN/ETS1/C2/CD74/CD8A/IL4R/IRF4/IL15/HLA-DMA/CCL5/CSF1/ITK/THY1/IFNGR2/IL12RB1/CCL11/TAP2/CD40LG/BRCA1/PSMB10/KLRD1/GZMB/IFNG/HCLS1/GZMA/STAB1/RARS1/CXCR3/SIT1/MTIF2/CCL7/LY86/FGR/ITGAL/CD3E/PRF1/UBE2N/IL16/PRKCB
HALLMARK_COMPLEMENT	HALLMARK_COMPLEMENT	198	0.477301907909617	2.51135512281152	2.58595654927215e-15	1.84711182090868e-14	5.05525340459217e-15	6745	tags=56%, list=29%, signal=40%	USP8/PIK3CA/PLSCR1/PDP1/ADAM9/ZEB1/GNB4/CTSS/GNAI3/VCPIP1/LAP3/CTSO/PPP2CB/DOCK4/LAMP2/CASP7/GPD2/LIPA/LRP1/GMFB/PIK3CG/C1QC/PSEN1/CFH/C1S/PLA2G4A/DOCK9/FCER1G/CPM/CA2/PLA2G7/ITGAM/CASP5/RAF1/CASP10/CTSC/GCA/CASP1/OLR1/LCP2/PREP/BRPF3/CFB/ZFPM2/IRF2/DYRK2/LGALS3/XPNPEP1/C1QA/DGKH/KLK1/CASP3/CR1/PSMB9/PLEK/CBLB/SERPING1/LYN/RBSN/C1R/COL4A2/ANXA5/FDX1/PLAUR/ME1/JAK2/LGMN/KIF2A/CASP4/ERAP2/FN1/SH2B3/SRC/CDH13/C3/PLAT/MMP12/PRSS3/MMP14/PIK3R5/C2/USP15/CPQ/ACTN2/CCL5/TNFAIP3/USP14/PRKCD/KYNU/FCN1/TIMP2/MMP8/IRF1/PRCP/F8/USP16/DUSP6/MMP13/APOA4/CTSB/DOCK10/APOC1/CD40LG/F3/GZMK/L3MBTL4/GZMB/DGKG/CSRP1/GZMA
HALLMARK_PROTEIN_SECRETION	HALLMARK_PROTEIN_SECRETION	95	0.583568460904191	2.75756642152888	4.47235356461885e-14	2.45974999128025e-13	6.73194734455647e-14	3679	tags=53%, list=16%, signal=44%	KIF1B/COPB1/VPS4B/ZW10/MAPK1/EGFR/SNAP23/AP1G1/IGF2R/SGMS1/ARFGEF1/VAMP7/ATP1A1/SSPN/ATP7A/COPB2/STX12/STX7/GOLGA4/LAMP2/RAB5A/AP3B1/ABCA1/TMX1/ADAM10/ARCN1/SEC31A/CLTC/M6PR/DST/RAB9A/GALC/ANP32E/CLCN3/CTSC/CAV2/RPS6KA3/SEC22B/STAM/RAB14/VAMP3/NAPG/ARFIP1/USO1/ARFGEF2/TSPAN8/COG2/DOP1A/TSG101/PPT1
HALLMARK_INTERFERON_ALPHA_RESPONSE	HALLMARK_INTERFERON_ALPHA_RESPONSE	97	0.582373695414592	2.74227462657175	4.5486394115967e-14	2.45974999128025e-13	6.73194734455647e-14	5617	tags=65%, list=24%, signal=49%	PLSCR1/EIF2AK2/CXCL11/IFIT2/IFIT3/DDX60/NMI/LAP3/CXCL10/ADAR/ELF1/GBP4/IFIH1/SAMD9L/TRIM21/PARP14/TRIM5/CMPK2/GBP2/PARP9/UBE2L6/C1S/RSAD2/CCRL2/NCOA7/IFI44L/TMEM140/IL7/TAP1/SAMD9/B2M/RIPK2/CASP1/CASP8/OASL/OAS1/IRF2/TDRD7/RTP4/PSMB9/CD47/IFI44/IFI27/LAMP3/WARS1/HERC6/USP18/BATF2/MX1/SP110/PSMB8/EPSTI1/TRAFD1/PNPT1/CD74/IL4R/IL15/LPAR6/IFITM1/TRIM14/CSF1/LY6E/IRF1
HALLMARK_MITOTIC_SPINDLE	HALLMARK_MITOTIC_SPINDLE	196	0.456821329821676	2.38937153384868	4.9194999825605e-14	2.45974999128025e-13	6.73194734455647e-14	4392	tags=47%, list=19%, signal=39%	ARHGEF12/ROCK1/SOS1/KIF5B/PDLIM5/VCL/LATS1/DLG1/NOTCH2/PCGF5/NF1/ARHGAP5/RASAL2/PPP4R2/EPB41L2/KIF1B/ITSN1/CD2AP/RAPGEF5/SPTBN1/ABI1/OPHN1/DYNC1H1/MYO1E/FGD6/CDC42/FGD4/SMC1A/ARFGEF1/KIF20B/ALMS1/SMC4/SMC3/DOCK4/AKAP13/NCK1/STK38L/CLIP1/CDC42BPA/APC/RAB3GAP1/ECT2/ARHGAP29/CKAP5/ALS2/TLK1/PKD2/MID1/DST/HOOK3/TTK/RABGAP1/NET1/STAU1/ARHGEF3/TOP2A/ANLN/WASF2/BRCA2/PALLD/CDC27/SPTAN1/KIF11/ACTN4/RANBP9/PCM1/WASL/CDK1/KIF23/CEP57/DOCK2/RFC1/DLGAP5/FLNA/CENPF/MYH9/CLASP1/CCDC88A/RICTOR/KIF15/INCENP/FARP1/KIF4A/FBXO5/LMNB1/KIF3B/FLNB/EZR/NEK2/CENPE/BUB1/TRIO/ARHGEF11
HALLMARK_G2M_CHECKPOINT	HALLMARK_G2M_CHECKPOINT	197	0.436833619267404	2.29339652273242	3.15125844291139e-12	1.43239020132336e-11	3.92022581414815e-12	4758	tags=41%, list=21%, signal=33%	CUL5/ATRX/SYNCRIP/KIF5B/STAG1/FOXN3/MAP3K20/NOTCH2/RASAL2/CASP8AP2/PURA/CTCF/SRSF1/LBR/SMC1A/AMD1/NUP98/DR1/SMARCC1/GSPT1/KIF20B/BARD1/SMC4/ARID4A/SLC12A2/G3BP1/STIL/PDS5B/WRN/RPS6KA5/MEIS2/MAPK14/HIF1A/DMD/CUL3/TTK/PRMT5/SMC2/TOP2A/KNL1/BRCA2/CDC27/E2F3/SRSF10/KIF11/MKI67/MEIS1/RAD21/CDK1/KIF23/TOP1/RBL1/NOLC1/XPO1/CENPF/RAD23B/EXO1/MCM6/TMPO/KIF15/INCENP/KIF4A/FBXO5/LMNB1/NEK2/NUP50/CDC7/SLC38A1/CENPE/TFDP1/PRIM2/BUB1/JPT1/CHEK1/HMMR/NCL/POLQ/SMAD3/PAFAH1B1/CCND1/BUB3
HALLMARK_ANDROGEN_RESPONSE	HALLMARK_ANDROGEN_RESPONSE	100	0.524453792730451	2.49043354519018	5.02985970444299e-11	2.09577487685125e-10	5.7358049261192e-11	4929	tags=52%, list=21%, signal=41%	NCOA4/ITGAV/PDLIM5/IQGAP2/GNAI3/BMPR1B/ABHD2/GUCY1A1/ELK4/INPP4B/XRCC5/PIAS1/PTPN21/ALDH1A3/CDK6/CENPN/DHCR24/CAMKK2/CDC14B/ARID5B/SLC38A2/STK39/RPS6KA3/B2M/ZMIZ1/TMEM50A/ACSL3/PMEPA1/ACTN1/RAB4A/MERTK/AKAP12/HMGCS1/SGK1/TNFAIP8/TMPRSS2/SELENOP/ABCC4/MYL12A/SORD/SLC26A2/GSR/APPBP2/SEC24D/MAF/MAP7/PGM3/CCND1/LMAN1/UBE2J1/GPD1L/B4GALT1
HALLMARK_TNFA_SIGNALING_VIA_NFKB	HALLMARK_TNFA_SIGNALING_VIA_NFKB	199	0.412832055785297	2.17163282298101	7.71567730544543e-11	2.96756819440209e-10	8.1217655846794e-11	8062	tags=54%, list=35%, signal=36%	PDLIM5/NFE2L2/CXCL11/IFIT2/SERPINB8/CXCL10/NFAT5/REL/B4GALT5/IFIH1/ABCA1/BIRC2/LITAF/IL6ST/FUT4/KLF10/F2RL1/TANK/JAG1/FOSL2/CCRL2/PANX1/INHBA/IL18/TGIF1/TAP1/RIPK2/OLR1/PTPRE/BIRC3/EDN1/SOD2/NFKB1/TIPARP/PMEPA1/IL15RA/IL7R/MCL1/SDC4/LDLR/IL1B/KLF6/PLEK/GEM/ID2/ICAM1/DENND5A/LAMB3/CD80/CD44/GPR183/TLR2/PLAUR/SGK1/TNFAIP8/MXD1/CXCL6/DNAJB4/DRAM1/RCAN1/ATP2B1/BCL6/SMAD3/CCL20/CCND1/ETS2/B4GALT1/TUBB2A/NAMPT/TNFAIP6/CFLAR/CCL5/TNFAIP3/CSF1/IL1A/KYNU/PTGER4/IRF1/GFPT2/TNC/BMP2/EGR2/SPSB1/IFNGR2/TNFRSF9/CSF2/F3/ZBTB10/CXCL3/PLPP3/PLAU/CXCL1/BCL2A1/HBEGF/STAT5A/AREG/CXCL2/SNN/PFKFB3/FOSL1/SLC16A6/SIK1/KLF9/MARCKS/BHLHE40/PDE4B/NFIL3/TRIB1
HALLMARK_APICAL_JUNCTION	HALLMARK_APICAL_JUNCTION	192	0.39365963850038	2.05611333835781	2.82696257953611e-09	1.00962949269147e-08	2.7631965063135e-09	5179	tags=40%, list=22%, signal=31%	VCL/DLG1/TJP1/MAP3K20/NF1/ADAM9/EPB41L2/PIK3CB/EGFR/ITGB1/NECTIN3/PTEN/FBN1/PARVA/ITGA9/RSU1/VCAN/NEXN/FYB1/LAMA3/SKAP2/CD274/TNFRSF11B/MAPK14/CD86/SYK/LIMA1/CDH11/ARHGEF6/CTNNA1/CAP1/PTK2/ITGA2/PTPRC/JAM3/CLDN18/IRS1/SHC1/SDC3/ACTN4/MPZL2/MPZL1/LAMC2/ACTN1/WASL/SLIT2/NECTIN4/NEGR1/ICAM1/ADAMTS5/MSN/MYH9/ADAM23/HADH/MMP2/LAMB3/CDH6/AKT3/ITGB4/NRAP/NLGN3/FLNC/CDK8/SRC/ARPC2/CDH1/PECAM1/CTNND1/VCAM1/CDH3/SIRPA/PCDH1/B4GALT1/COL17A1/MYL9/TGFBI
HALLMARK_IL6_JAK_STAT3_SIGNALING	HALLMARK_IL6_JAK_STAT3_SIGNALING	86	0.490704515813768	2.26173890831479	1.08629046943723e-07	3.19497196893304e-07	8.74413380971147e-08	6539	tags=57%, list=28%, signal=41%	STAT1/CXCL11/IFNAR1/CCR1/CXCL10/STAM2/CXCL9/PDGFC/CBL/MYD88/STAT3/OSMR/IL6ST/IL2RA/IL1R1/IFNGR1/PTPN11/IL13RA1/A2M/IL7/ACVR1B/FAS/REG1A/ITGA4/ITGB3/IL15RA/TNFRSF1B/IL1B/IL9R/LEPR/CSF2RA/CD44/CSF2RB/TLR2/CD38/HMOX1/IL17RA/CSF3R/CD9/PIK3R5/IL4R/CSF1/IRF1/IFNGR2/BAK1/IL12RB1/CSF2/TNFRSF12A/CD14
HALLMARK_APOPTOSIS	HALLMARK_APOPTOSIS	160	0.391179876982479	1.98006429472395	1.04960702516406e-07	3.19497196893304e-07	8.74413380971147e-08	5617	tags=44%, list=24%, signal=33%	ROCK1/CTNNB1/DPYD/F2R/HGF/XIAP/IGF2R/PAK1/RNASEL/CASP7/PSEN1/TNFSF10/CREBBP/IFNGR1/FASLG/PTK2/IL18/RETSAT/TOP2A/TAP1/CASP1/FAS/CASP8/BIRC3/SPTAN1/SOD2/CASP6/DCN/TGFB2/LGALS3/MCL1/CASP3/TGFBR3/LUM/ERBB3/IL1B/PDGFRB/ERBB2/EREG/APP/MMP2/CD44/CDK2/PPT1/SC5D/CD38/CD2/CASP4/BCL10/HMOX1/PEA15/GSR/LEF1/PLAT/EMP1/CCND1/DNAJC3/BNIP3L/SATB1/BMF/CFLAR/DFFA/TIMP3/PLPPR4/FEZ1/AVPR1A/IL1A/TIMP2/NEFH/IRF1
HALLMARK_IL2_STAT5_SIGNALING	HALLMARK_IL2_STAT5_SIGNALING	197	0.368085810431086	1.93246737539458	1.07731942186806e-07	3.19497196893304e-07	8.74413380971147e-08	7224	tags=48%, list=31%, signal=33%	BMPR2/PLSCR1/ITGAV/F2RL2/TLR7/CYFIP1/AHNAK/MYO1E/IGF2R/CXCL10/FGL2/GBP4/SWAP70/SNX9/NRP1/TWSG1/POU2F1/ANXA4/AHR/ITGA6/GALM/IKZF2/SH3BGRL2/CDCP1/PLIN2/IL2RA/HUWE1/TNFSF10/CA2/CD86/SPRED2/WLS/GPR65/IFNGR1/PTCH1/RORA/LRRC8C/TNFRSF1B/CCR4/CTSZ/CASP3/UMPS/CAPG/KLF6/TGM2/DENND5A/PTGER2/NCOA3/CD44/RABGAP1L/LRIG1/SPP1/TTC39B/MXD1/HOPX/PNP/IL2RB/EOMES/GUCY1B1/HK2/EMP1/ICOS/IL1RL1/SHE/HIPK2/CDC6/GLIPR2/IRF6/IL4R/IRF4/CSF1/SLC1A5/PRNP/MUC1/MYO1C/BMP2/SLC39A8/BCL2/P4HA1/TNFRSF9/ITIH5/TNFSF11/CSF2/IL10RA/ADAM19/NFKBIZ/IGF1R/TNFRSF8/SCN9A/NT5E/DHRS3/SYT11/ALCAM/CTLA4/PLAGL1
HALLMARK_ESTROGEN_RESPONSE_EARLY	HALLMARK_ESTROGEN_RESPONSE_EARLY	197	0.360193237045198	1.89103100337504	2.85815496786276e-07	7.93931935517433e-07	2.17286634983719e-07	7028	tags=44%, list=30%, signal=31%	AFF1/SVIL/MED13L/RBBP8/AR/ABHD2/NRIP1/MYOF/ELF1/ADD3/THSD4/SLC16A1/FRK/UGCG/RAB31/IL6ST/KLF10/ADCY9/KCNK5/SLC1A1/GJA1/OPN3/CALCR/GAB2/SFN/TIPARP/FOXC1/TPBG/PRSS23/PEX11A/TGM2/ISG20L2/ZNF185/NAV2/PDLIM3/FHL2/OLFML3/CD44/SCNN1A/SH3BP5/FARP1/P2RY2/LRIG1/JAK2/ESRP2/TJP3/SYT12/FLNB/BCL11B/CELSR1/CHPT1/SLC26A2/KAZN/MICB/TSKU/CCND1/ENDOD1/B4GALT1/CA12/TMPRSS3/REEP1/DEPTOR/INPP5F/DLC1/MUC1/LAD1/ABLIM1/ALDH3B1/AKAP1/SNX24/PGR/SIAH2/WWC1/RPS6KA2/SYBU/BCL2/CANT1/DYNLT3/KLK10/IGF1R/ELOVL5/PTGES/MYB/PODXL/GREB1/DHRS3
HALLMARK_TGF_BETA_SIGNALING	HALLMARK_TGF_BETA_SIGNALING	54	0.549394503268806	2.29379288832323	8.28663069008971e-07	2.18069228686571e-06	5.96821046931669e-07	4895	tags=54%, list=21%, signal=42%	BMPR2/BMPR1A/CTNNB1/TRIM33/TJP1/ARID4B/WWTR1/SPTBN1/XIAP/ACVR1/APC/TGFBR1/SMAD1/RAB31/KLF10/SKIL/MAP3K7/TGIF1/SMURF2/PMEPA1/ID2/PPM1A/RHOA/THBS1/CDH1/UBE2D3/LTBP2/SMAD3/HIPK2
HALLMARK_MTORC1_SIGNALING	HALLMARK_MTORC1_SIGNALING	199	0.334115752401752	1.75755909557565	7.54210805530001e-06	1.885527013825e-05	5.16038972204738e-06	5529	tags=36%, list=24%, signal=27%	ACTR2/GTF2H1/GSK3B/FGL2/ADD3/TBK1/ACTR3/NIBAN1/PRDX1/TXNRD1/PITPNB/IDH1/SKAP2/RIT1/DHCR24/IGFBP5/M6PR/RAB1A/AK4/EPRS1/SYTL2/CTSC/UCHL5/PLOD2/ACSL3/TFRC/TMEM97/LDHA/USO1/TES/LDLR/ELOVL6/SLC6A6/BCAT1/CCNG1/ITGB2/NUP205/HMGCS1/ME1/GMPS/ATP2A2/SC5D/LGMN/CANX/WARS1/GBE1/PNP/SORD/BUB1/SLA/DAPP1/PNO1/GSR/UBE2D3/HK2/PSME3/RRM2/ACACA/CD9/IMMT/PSMD14/EDEM1/MCM4/NAMPT/CYB5B/MTHFD2/MCM2/PHGDH/MLLT11/TCEA1/SLC1A5
HALLMARK_E2F_TARGETS	HALLMARK_E2F_TARGETS	199	0.331539971457745	1.74400963795862	1.04207270632316e-05	2.48112549124563e-05	6.79044871288278e-06	7041	tags=46%, list=30%, signal=32%	IPO7/NBN/SYNCRIP/STAG1/POLD3/NUDT21/ZW10/USP1/DEK/CTCF/SRSF1/LBR/SMC1A/DCLRE1B/GSPT1/BARD1/SMC4/SMC3/CCP110/PRKDC/PDS5B/EIF2S1/NUP153/E2F8/ANP32E/TOP2A/BRCA2/MELK/MKI67/TFRC/DEPDC1/RAD21/CDK1/RAD51AP1/NOLC1/RFC1/XPO1/MRE11/DLGAP5/MSH2/GINS4/ATAD2/DIAPH3/MCM6/GINS1/EED/DCTPP1/NUP205/TMPO/KIF4A/RFC3/LMNB1/BUB1B/DSCC1/SHMT1/CENPE/PRIM2/JPT1/PPP1R8/ASF1A/CHEK1/HMMR/BRMS1L/RRM2/MCM4/CTPS1/MTHFD2/RACGAP1/ING3/MCM2/CKS1B/MMS22L/CSE1L/CDCA8/TK1/TRA2B/CCNB2/KPNA2/GINS3/PMS2/BRCA1/CIT/UBE2T/RAD50/KIF2C/CKS2/RPA1/ORC2/AURKA/BIRC5/MYBL2
HALLMARK_GLYCOLYSIS	HALLMARK_GLYCOLYSIS	195	0.308248994444158	1.61878577204753	0.000116207875084225	0.000264108807009602	7.228241033947e-05	4496	tags=32%, list=19%, signal=26%	AGL/PGM2/GLCE/RPE/EGFR/EXT1/EXT2/DSC2/PPP2CB/UGP2/VCAN/COPB2/MET/GALK2/SDHC/GPC4/ZNF292/TGFA/ALDH7A1/SLC25A13/AK3/IDH1/SLC35A3/ARPP19/AK4/CHST4/ECD/PMM2/IL13RA1/PKP2/SOX9/BPNT1/SDC3/PLOD2/CASP6/DCN/ALDH9A1/DEPDC1/PAXIP1/LDHA/CDK1/TPBG/GFPT1/MERTK/CAPN5/COG2/CYB5A/CD44/NANP/ME1/GALE/KIF20A/DLD/KIF2A/HS2ST1/ME2/KDELR3/PGAM1/FUT8/HMMR/COL5A1/HK2
HALLMARK_ESTROGEN_RESPONSE_LATE	HALLMARK_ESTROGEN_RESPONSE_LATE	196	0.309539175644281	1.61902268264081	0.000145622757156104	0.000316571211208922	8.66405420150734e-05	7531	tags=43%, list=33%, signal=29%	AFF1/RBBP8/JAK1/ABHD2/NRIP1/MYOF/ADD3/SLC16A1/FRK/STIL/RAB31/IL6ST/LARGE1/CA2/ATP2B4/KCNK5/DLG5/TOP2A/OPN3/CALCR/SFN/UGDH/ST6GALNAC2/EMP2/LAMC2/FOXC1/TPBG/PRSS23/ID2/GJB3/PDLIM3/CD44/SCNN1A/FARP1/SGK1/JAK2/GALE/TJP3/KIF20A/FLNB/SNX10/CHPT1/SORD/SLC26A2/CDH1/MICB/TRIM29/CCND1/CD9/KLK11/CA12/CDC6/CXCL14/TMPRSS3/AGR2/NMU/HOMER2/ALDH3B1/PGR/SIAH2/ALDH3A2/RPS6KA2/SERPINA5/RABEP1/BCL2/PERP/MEST/DYNLT3/KLK10/SCUBE2/TPSAB1/ELOVL5/FGFR3/PTGES/ST14/MYB/CAV1/PAPSS2/AREG/GAL/ACOX2/IMPA2/CYP4F11/TFF1
HALLMARK_COAGULATION	HALLMARK_COAGULATION	130	0.344752142086915	1.71713539204052	0.000175162451878499	0.000364921774746873	9.98733278254599e-05	7160	tags=49%, list=31%, signal=34%	GNG12/F2RL2/ADAM9/PROS1/CTSO/FBN1/LAMP2/P2RY1/LRP1/CFH/C1S/KLF7/ITGA2/A2M/MMP7/CTSE/OLR1/PREP/CFB/ITGB3/CAPN2/ARF4/C1QA/PRSS23/PLEK/GDA/SERPING1/CAPN5/C1R/MMP2/F11/MMP1/SPARC/LGMN/THBS1/MEP1A/MMP3/FN1/CTSK/PECAM1/C3/PLAT/MMP14/CD9/C2/CPQ/TIMP3/CFI/MMP8/WDR1/F8/ANXA1/DUSP6/CTSB/APOC1/F3/CSRP1/COMP/VWF/PLAU/RAC1/DPP4/CTSV/MMP10
HALLMARK_PI3K_AKT_MTOR_SIGNALING	HALLMARK_PI3K_AKT_MTOR_SIGNALING	103	0.37459430522311	1.78429515275067	0.000243583086819219	0.000487166173638438	0.000133329689627362	2930	tags=30%, list=13%, signal=26%	ITPR2/ACTR2/PRKAR2A/GSK3B/MAPK1/EGFR/PTEN/CAB39/TBK1/NCK1/MYD88/ACTR3/RALB/ATF1/RIPK1/CLTC/RIT1/PIKFYVE/YWHAB/PTPN11/FASLG/RAF1/MAPK8/MAP3K7/SMAD2/RPS6KA3/CAMK4/SFN/CDK1/DUSP3/PRKAA2
HALLMARK_DNA_REPAIR	HALLMARK_DNA_REPAIR	148	-0.356538989881953	-1.66002396761773	0.000429513868804185	0.000825988209238817	0.000226059930949571	5098	tags=38%, list=22%, signal=30%	RAD52/RAE1/APRT/POLR3GL/RFC2/ALYREF/POLR2F/POLR1H/POLR1D/CCNO/DUT/BCAP31/SUPT5H/NELFCD/AK1/COX17/DDB2/USP11/NME4/POLR2H/ERCC2/POLD1/ITPA/GUK1/LIG1/ZNF707/ERCC1/MRPL40/SRSF6/MPG/SURF1/BCAM/NELFE/NELFB/EDF1/VPS37D/GTF3C5/VPS28/POLA2/DGUOK/ELL/GTF2F1/ADRM1/NT5C/POLR2E/SAC3D1/TAF10/TARBP2/POLR2I/POLR2J/AAAS/GPX4/POLL/TAF1C/SNAPC4/NME3
HALLMARK_PEROXISOME	HALLMARK_PEROXISOME	102	0.364459614167651	1.73369389187888	0.000534962003059991	0.00099067037603702	0.0002711308397575	4344	tags=33%, list=19%, signal=27%	IDE/CAT/VPS4B/LONP2/ATXN1/SEMA3C/SMARCC1/ACSL4/EHHADH/STS/PRDX1/IDH1/DHCR24/ACSL5/ACOX1/PEX13/RETSAT/HSD17B11/TOP2A/ABCD3/SCP2/SOD2/ALDH9A1/PEX11A/CRABP1/ABCD2/MSH2/HSD17B4/CNBP/PEX2/NR1I2/BCL10/CEL/GNPAT
HALLMARK_XENOBIOTIC_METABOLISM	HALLMARK_XENOBIOTIC_METABOLISM	188	0.295052570099527	1.53300290550684	0.000582217882235513	0.00103967478970627	0.000284542574024875	6804	tags=44%, list=29%, signal=31%	PDLIM5/CAT/PROS1/GART/ADH5/MTHFD1/IDH1/CNDP2/HSD17B2/FBP1/ARPP19/CA2/AQP9/IL1R1/ACOX1/CYP2S1/VNN1/RETSAT/PTGR1/FAS/REG1A/CFB/FMO1/XDH/SLC35D1/CASP6/TGFB2/CYP2C18/UGDH/TDO2/ALDH9A1/HSD11B1/TMEM97/ID2/ENTPD5/ABCD2/SLC6A6/BCAT1/SSR3/CYB5A/F11/NQO1/ATP2A2/TTPA/AKR1C3/ENPEP/CROT/HMOX1/PGD/CES1/ABCC3/GSR/NPC1/SLC12A4/CRP/LPIN2/ADH1C/ETS2/CYP2J2/FMO3/MAOA/ALAS1/FBLN1/KYNU/SLC1A5/EPHA2/CBR1/MAN1A1/PC/PINK1/GCKR/FABP1/RBP4/ACO2/SLC6A12/CYP4F2/PSMB10/SLC46A3/ALDH3A1/ABHD6/ELOVL5/CYP27A1
HALLMARK_HEME_METABOLISM	HALLMARK_HEME_METABOLISM	185	0.296232365836568	1.53468404375983	0.00118123230334197	0.00203660741955513	0.000557387293772982	4985	tags=34%, list=22%, signal=27%	NCOA4/DCUN1D1/ARHGEF12/KLF3/BACH1/PICALM/SDCBP/TRAK2/SLC30A1/CAT/NEK7/IGSF3/VEZF1/TNS1/LAMP2/BMP2K/MFHAS1/FOXO3/DCAF10/MOCOS/CAST/CA2/GAPVD1/CLCN3/SYNJ1/CIR1/CDR2/MOSPD1/FBXO34/XPO7/GDE1/CDC27/FOXJ2/CTSE/FECH/TRIM10/NR3C1/ERMAP/ABCG2/TFRC/RNF19A/TFDP2/TOP1/RIOK3/CLIC2/GMPS/GCLM/BTRC/HTATIP2/KHNYN/XK/C3/PDZK1IP1/ACP5/KDM7A/SLC30A10/LPIN2/ENDOD1/TRIM58/USP15/BNIP3L/KAT2B
HALLMARK_HYPOXIA	HALLMARK_HYPOXIA	194	0.278759893472266	1.46285709692069	0.00229200755997254	0.00382001259995423	0.00104547713261905	7744	tags=44%, list=33%, signal=29%	PGM2/EGFR/EXT1/UGP2/ATP7A/KLHL24/GPC4/ZNF292/PRKCA/PLIN2/FOXO3/LARGE1/FBP1/FOSL2/KLF7/LXN/AK4/RORA/MAP3K1/NR3C1/SDC3/TIPARP/CASP6/HK1/DCN/XPNPEP1/LDHA/SDC4/TPBG/TES/KLF6/TGM2/LOX/SLC6A6/MYH9/RBPJ/AKAP12/PLAUR/ANXA2/SLC2A5/GBE1/KDELR3/HMOX1/SRPX/PPP1R3C/CHST3/TMEM45A/COL5A1/HK2/ETS1/CA12/BNIP3L/TGFBI/NEDD4L/TNFAIP3/SDC2/SIAH2/KDM3A/PLAC8/PPARGC1A/PGM1/CCNG2/BCL2/ERO1A/P4HA1/TGFB3/PGK1/PKP1/HDLBP/F3/BCAN/GPC3/HS3ST1/TKTL1/MT1E/B4GALNT2/PYGM/CAV1/HOXB9/MXI1/PFKFB3/GCNT2/ENO1/SAP30/CCN2
HALLMARK_FATTY_ACID_METABOLISM	HALLMARK_FATTY_ACID_METABOLISM	150	0.291577385761923	1.46606608162248	0.00309075001894098	0.00498508067571126	0.00136433786914203	3941	tags=29%, list=17%, signal=24%	NBN/PTPRG/CPT1A/BMPR1B/SUCLG2/ACSL4/PPARA/EHHADH/GPD2/HADHB/SDHC/SDHD/METAP1/UBE2L6/IDH1/DHCR24/ACSL5/CA2/ACOX1/VNN1/RETSAT/HSD17B11/ACADM/FMO1/UGDH/TDO2/ALDH9A1/LDHA/HCCS/SERINC1/HIBCH/CRYZ/HADH/MGLL/HSDL2/GLUL/HSD17B4/HMGCS1/ME1/PDHB/ACAA2/AOC3/DLD
HALLMARK_ADIPOGENESIS	HALLMARK_ADIPOGENESIS	197	0.268680855688144	1.41058680692514	0.00361844352045949	0.00565381800071796	0.00154736071598597	4673	tags=30%, list=20%, signal=24%	DBT/CD302/ANGPT1/CAT/ITSN1/DLAT/OMD/MAP4K3/SSPN/MYLK/ABCA1/GPD2/SDHC/LPCAT3/RNF11/SLC66A3/PLIN2/COL4A1/IDH1/TANK/COL15A1/CHUK/G3BP2/ACOX1/ATL2/IFNGR1/RETSAT/SORBS1/SCP2/ACADM/PRDX3/SOWAHC/ELOVL6/HIBCH/RIOK3/APLP2/STOM/PHLDB1/HADH/SPARCL1/PPARG/MGLL/RMDN3/LAMA4/PPP1R15B/IDH3A/RREB1/ME1/GHITM/ACAA2/MTCH2/DLD/GBE1/CMPK1/ATP1B3/BCL6/C3/GPAM/ACADL
HALLMARK_ANGIOGENESIS	HALLMARK_ANGIOGENESIS	34	0.443079077131431	1.69210945105253	0.009397654679044	0.0142388707258242	0.00389695409338348	3890	tags=38%, list=17%, signal=32%	ITGAV/VCAN/NRP1/JAG1/COL5A2/PTK2/OLR1/FSTL1/LUM/COL3A1/APP/SPP1/CXCL6
HALLMARK_OXIDATIVE_PHOSPHORYLATION	HALLMARK_OXIDATIVE_PHOSPHORYLATION	200	-0.285979682946465	-1.38121151240848	0.017820561297968	0.0262067077911294	0.00717236213230911	5421	tags=34%, list=23%, signal=26%	NDUFAB1/TIMM9/ATP6V1G1/PHB2/SDHA/ATP5PO/COX6C/GPI/NDUFA1/ATP5ME/MRPL11/UQCRB/ECH1/POLR2F/ATP6V1F/COX8A/COX7C/ETFB/COX6A1/MRPS11/COX6B1/HSD17B10/NDUFB1/COX7B/COX17/NDUFA9/BAX/NDUFB2/MDH2/ATP6AP1/SLC25A11/COX4I1/ATP5MC1/NDUFB8/ISCU/MRPS15/UQCRQ/IDH3B/IDH3G/NDUFV2/NDUFC1/UQCR11/NDUFS3/SURF1/NDUFA3/BCKDHA/NDUFA2/SLC25A6/ATP6V0B/COX5B/ECI1/ATP6V0C/PMPCA/ATP5MC2/ACADVL/ATP5F1E/NDUFA7/TIMM13/NDUFS6/NDUFV1/GPX4/NDUFS8/RHOT2/MRPL34/NDUFB7/NDUFS7/ATP5F1D
HALLMARK_HEDGEHOG_SIGNALING	HALLMARK_HEDGEHOG_SIGNALING	36	0.39046396353478	1.51256532725959	0.0314665326697118	0.0437035175968219	0.0119609627107092	5008	tags=33%, list=22%, signal=26%	NF1/OPHN1/NRP1/CDK6/PTCH1/GLI1/NRP2/MYH9/CELSR1/UNC5C/ETS2/SHH
HALLMARK_BILE_ACID_METABOLISM	HALLMARK_BILE_ACID_METABOLISM	107	0.285256443734299	1.3699862196434	0.0313280885955756	0.0437035175968219	0.0119609627107092	7319	tags=42%, list=32%, signal=29%	NEDD4/CAT/AR/LONP2/ATXN1/ABCA1/IDH1/DHCR24/ACSL5/AQP9/PEX13/DIO2/RETSAT/HSD17B11/ABCD3/SULT1B1/SCP2/ALDH9A1/PEX11A/ABCD2/CYP39A1/PECR/HSD17B4/TFCP2L1/GCLM/NR1I2/CROT/GNPAT/NPC1/NR3C2/ISOC1/HSD17B6/NR1H4/OPTN/ABCG8/ABCA8/CYP7B1/BBOX1/NR0B2/CYP27A1/PNPLA8/SLC35B2/HSD3B7/PEX12/PHYH
HALLMARK_APICAL_SURFACE	HALLMARK_APICAL_SURFACE	43	0.365574152267514	1.46661393780799	0.0327265896724077	0.0442251211789293	0.0121037173752859	5900	tags=44%, list=26%, signal=33%	ATP8B1/ADAM10/CRYBG1/PKHD1/APP/LYN/GSTM3/PLAUR/EPHB4/AKAP7/IL2RB/SRPX/DCBLD2/GHRL/NCOA6/B4GALT1/AFAP1L2/THY1/EFNA5
HALLMARK_NOTCH_SIGNALING	HALLMARK_NOTCH_SIGNALING	32	0.402815192621539	1.51237637895955	0.0572571803967513	0.0753383952588833	0.020618929228747	6967	tags=53%, list=30%, signal=37%	NOTCH2/MAML2/TCF7L2/PRKCA/JAG1/WNT5A/FZD7/FZD5/WNT2/FBXW11/ARRB1/CCND1/DTX4/FZD1/HEYL/ST3GAL6/APH1A
HALLMARK_CHOLESTEROL_HOMEOSTASIS	HALLMARK_CHOLESTEROL_HOMEOSTASIS	74	0.26429223372841	1.17922274408975	0.166219839142091	0.213102357874476	0.0583227505761723	3984	tags=24%, list=17%, signal=20%	PLSCR1/CTNNB1/NIBAN1/GPX8/JAG1/ANTXR2/LGALS3/TMEM97/LDLR/CPEB2/ANXA13/ANXA5/PPARG/HMGCS1/PLAUR/SC5D/LGMN/MAL2
HALLMARK_MYOGENESIS	HALLMARK_MYOGENESIS	181	0.215708399728029	1.11190187564643	0.194078947368421	0.236681643132221	0.0647760286467131	5948	tags=30%, list=26%, signal=23%	AGL/SVIL/WWTR1/LAMA2/ITGB1/KLF5/SSPN/MYLK/RB1/MEF2A/RIT1/LARGE1/COL15A1/MRAS/ADCY9/DMD/SORBS1/DENND2B/COL6A3/BDKRB2/SPTAN1/NOS1/SGCD/ERBB3/COL3A1/PTGIS/CNN3/APP/MYH9/COL4A2/NAV2/TPM3/NQO1/SPARC/ADAM12/ITGB4/APOD/CDH13/PPP1R3C/FGF2/MEF2C/ITGB5/CHRNA1/TNNI1/ACTN2/MYH11/IGFBP7/REEP1/PRNP/MYOM1/ABLIM1/TAGLN/PC/MYO1C/FABP3
HALLMARK_MYC_TARGETS_V1	HALLMARK_MYC_TARGETS_V1	199	0.21045069183635	1.10704007502888	0.190635451505017	0.236681643132221	0.0647760286467131	6894	tags=36%, list=30%, signal=25%	SYNCRIP/EIF4G2/DDX18/USP1/DEK/DDX21/SRSF1/SMARCC1/HNRNPR/GSPT1/G3BP1/EIF2S1/DHX15/SSB/SERBP1/CBX3/TOMM70/EPRS1/CSTF2/UBE2E1/SRPK1/FAM120A/PSMD1/PRPS2/PSMD7/PRDX3/ABCE1/RRM1/SF3B3/LDHA/NOLC1/XPO1/RAD23B/MCM6/EIF3J/CDK2/NCBP2/EIF1AX/CNBP/CANX/TFDP1/HDAC2/TCP1/BUB3/PSMD14/MCM4/CTPS1/PABPC1/MCM2/SNRPD3/EIF4E/SF3A1/POLE3/PSMA4/AP3S1/XPOT/TRA2B/HDGF/APEX1/KPNA2/PGK1/TARDBP/GNL3/NCBP1/HNRNPU/UBA2/HNRNPC/ETF1/CCT5/VDAC1/ORC2
HALLMARK_SPERMATOGENESIS	HALLMARK_SPERMATOGENESIS	107	0.238313406790638	1.14453534856359	0.202279202279202	0.240808574141908	0.0659055045019957	4843	tags=24%, list=21%, signal=19%	PRKAR2A/IDE/STAM2/MTOR/GMCL1/TSN/SLC12A2/SIRT1/MTNR1A/TOPBP1/AGFG1/TTK/JAM3/CAMK4/NOS1/MLLT10/CDK1/CFTR/GSTM3/NCAPH/SLC2A5/NEK2/BUB1/MAP7/TLE4/SHE
HALLMARK_PANCREAS_BETA_CELLS	HALLMARK_PANCREAS_BETA_CELLS	38	0.253269813772196	0.989180928016328	0.440203562340967	0.511864607373217	0.140089260965302	17280	tags=100%, list=75%, signal=25%	SLC2A2/SRP9/VDR/AKT3/PDX1/INS/SYT13/DPP4/GCG/IAPP/ELP4/G6PC2/NEUROD1/SST/PAX4/DCX/SEC11A/SCGN/FOXO1/LMO2/HNF1A/PAX6/PCSK2/NKX6-1/FOXA2/PCSK1/CHGA/ISL1/PAK3/SRP14/ABCC8/INSM1/SPCS1/MAFB/NKX2-2/STXBP1/GCK/SRPRB
HALLMARK_REACTIVE_OXYGEN_SPECIES_PATHWAY	HALLMARK_REACTIVE_OXYGEN_SPECIES_PATHWAY	48	-0.249266661320293	-0.949637678873845	0.537953795379538	0.611311131113111	0.167306204304641	4278	tags=25%, list=18%, signal=20%	PRDX4/GPX3/PTPA/ERCC2/PRDX2/EGLN2/JUNB/TXNRD2/STK25/CDKN2D/ATOX1/GPX4
HALLMARK_UNFOLDED_PROTEIN_RESPONSE	HALLMARK_UNFOLDED_PROTEIN_RESPONSE	112	0.182483342326076	0.880765514262102	0.75366568914956	0.831946755407654	0.227690690953674	5605	tags=30%, list=24%, signal=23%	KIF5B/DCP1A/CNOT6/MTREX/EIF2S1/YWHAZ/SEC31A/FKBP14/ATF6/NFYA/SHC1/EXOC2/NOLC1/EIF2AK3/PDIA5/IFIT1/PARN/ALDH18A1/PDIA6/CNOT4/KDELR3/SDAD1/EIF4G1/DDX10/EDEM1/DNAJC3/TUBB2A/PAIP1/MTHFD2/EXOSC10/DCTN1/SPCS3/EIF4E/CKS1B
HALLMARK_WNT_BETA_CATENIN_SIGNALING	HALLMARK_WNT_BETA_CATENIN_SIGNALING	42	-0.219355538059258	-0.81246100162488	0.765391014975042	0.831946755407654	0.227690690953674	4489	tags=24%, list=19%, signal=19%	PSEN2/AXIN1/NOTCH4/DVL2/NCOR2/WNT6/JAG2/HDAC5/CSNK1E/KAT2A
HALLMARK_MYC_TARGETS_V2	HALLMARK_MYC_TARGETS_V2	57	0.185345141845179	0.784491723555294	0.860158311345647	0.915062033346432	0.250438030179024	4889	tags=25%, list=21%, signal=19%	DDX18/NIP7/WDR43/PRMT3/CBX3/MPHOSPH10/TMEM97/NOLC1/TFB2M/DCTPP1/UTP20/SORD/HK2/MCM4
HALLMARK_KRAS_SIGNALING_DN	HALLMARK_KRAS_SIGNALING_DN	174	0.160166551059518	0.82586663060581	0.905537459283387	0.943268186753529	0.258157609006229	6799	tags=32%, list=29%, signal=22%	BMPR1B/ENTPD7/CCR8/ASB7/BARD1/TEX15/RSAD2/SKIL/IFI44L/MEFV/CLDN16/GP2/EDN1/TGFB2/NOS1/SLC16A7/CPB1/HTR1D/AKR1B10/CYP39A1/SLC6A14/CD80/TFCP2L1/SGK1/CPA2/GDNF/SELENOP/MX1/SLC29A3/HTR1B/THRB/EDAR/PTGFR/MFSD6/CLPS/KCNMB1/SMPX/TFF2/PLAG1/PTPRJ/FGGY/TENM2/CAMK1D/KRT4/SOX10/THNSL2/KMT2D/COPZ2/NPY4R/PKP1/CD40LG/EPHA5/IFNG/CDKAL1/FGFR3
HALLMARK_P53_PATHWAY	HALLMARK_P53_PATHWAY	199	-0.155217236853592	-0.749774460214633	0.975817923186344	0.995732574679943	0.272516283596616	3868	tags=16%, list=17%, signal=13%	AK1/DDB2/BAX/BLCAP/UPP1/RAB40C/BAIAP2/ISCU/FDXR/TRIB3/PMM1/RACK1/CDK5R1/CTSD/RAD9A/HINT1/HDAC3/JAG2/H2AJ/SLC3A2/MXD4/RPL18/MKNK2/HRAS/RPL36/WRAP73/SOCS1/DCXR/TSPYL2/RALGDS/PIDD1
HALLMARK_UV_RESPONSE_UP	HALLMARK_UV_RESPONSE_UP	154	0.137437406287783	0.693227606709314	1	1	0.273684210526316	5886	tags=25%, list=25%, signal=19%	DDX21/TGFBRAP1/AMD1/CDC5L/IL6ST/CA2/ATP6V1C1/PPAT/TYRO3/TAP1/FMO1/SOD2/TFRC/CASP3/ONECUT1/RAB27A/HTR7/CREG1/ICAM1/LYN/PPP1R2/PDLIM3/CDK2/PPT1/CDKN2B/HMOX1/NAT1/MMP14/PLCL1/AGO2/CYB5B/MAOA/ALAS1/PRKCD/HSPA13/IRF1/POLE3/PTPRD/BMP2
